{"_runtime":32.9228565,"_step":299,"_wandb":{"runtime":32},"Training Loss":0.4649100626508395,"Validation Loss":0.47524089614550274,"Epoch":300,"_timestamp":1.7298386386989145e+09}