{"Training Loss":0.4577924956878026,"Validation Loss":0.5115551551183065,"Epoch":300,"_timestamp":1.7298390067500215e+09,"_runtime":30.2957013,"_wandb":{"runtime":30},"_step":299}