{"Validation Loss":0.6900999347368876,"Epoch":300,"_timestamp":1.7298460699846141e+09,"_runtime":64.7506122,"_step":299,"_wandb":{"runtime":64},"Training Loss":0.6622178703546524}