{"Training Recall":0.6788321167883211,"Validation F1 Score":0.7301587301587301,"Validation Loss":0.44465169310569763,"Training Loss":0.38966938604911167,"_step":199,"Training F1 Score":0.7410358565737052,"Epoch":200,"_timestamp":1.729787749146852e+09,"_wandb":{"runtime":13},"Validation Recall":0.6764705882352942,"Training Accuracy":0.8174157303370787,"Validation Accuracy":0.8100558659217877,"_runtime":13.539694,"Validation Precision":0.7931034482758621,"Training Precision":0.8157894736842105}