{"_runtime":217.6751945,"_step":299,"Training Loss":0.7653340826863828,"Validation Loss":0.7237722078959147,"Epoch":300,"_timestamp":1.7298424640438693e+09,"_wandb":{"runtime":217}}