{"Validation F1 Score":0.7,"Validation Precision":0.8571428571428571,"Validation Recall":0.5915492957746479,"Validation Accuracy":0.7988826815642458,"_wandb":{"runtime":30},"Validation Loss":0.5199537873268127,"_runtime":30.347545,"Training Precision":0.8524590163934426,"Training Recall":0.5756457564575646,"Training Loss":0.4075929522514343,"Epoch":300,"_step":299,"Training F1 Score":0.6872246696035242,"_timestamp":1.729830468314748e+09,"Training Accuracy":0.800561797752809}