{"Validation F1 Score":0.6956521739130435,"_wandb":{"runtime":7},"Training Accuracy":0.8117977528089888,"_step":199,"Validation Accuracy":0.8044692737430168,"Training Precision":0.7832699619771863,"Validation Recall":0.6779661016949152,"Training Loss":0.40019728740056354,"Training F1 Score":0.7545787545787546,"_timestamp":1.7297933311962857e+09,"_runtime":7.7628596,"Validation Loss":0.444469690322876,"Validation Precision":0.7142857142857143,"Epoch":200,"Training Recall":0.7279151943462897}