{"_wandb":{"runtime":169},"_timestamp":1.729843138356491e+09,"_runtime":169.2618903,"_step":249,"Training Loss":0.6791774267735688,"Validation Loss":0.6711501081784567,"Epoch":250}