{"Training Loss":0.4171113967895508,"_wandb":{"runtime":13},"_step":399,"Validation Loss":0.34331661462783813,"Validation Accuracy":0.8603351955307262,"Training F1 Score":0.7223300970873786,"_runtime":13.7901562,"Training Accuracy":0.7991573033707865,"Validation F1 Score":0.7933884297520661,"Validation Recall":0.7619047619047619,"Validation Precision":0.8275862068965517,"Training Precision":0.788135593220339,"Epoch":400,"Training Recall":0.6666666666666666,"_timestamp":1.7298289101907852e+09}