{"_wandb":{"runtime":15},"Training Accuracy":0.8160112359550562,"Validation Recall":0.6944444444444444,"Training Loss":0.4230386440952619,"Validation Precision":0.8928571428571429,"Training Precision":0.7883817427385892,"Validation Loss":0.38752666115760803,"Training F1 Score":0.7436399217221135,"Training Recall":0.7037037037037037,"Validation Accuracy":0.8435754189944135,"_runtime":15.3963731,"Epoch":300,"_timestamp":1.7298298906374042e+09,"Validation F1 Score":0.78125,"_step":299}