{"Validation Loss":0.9110174973805746,"Epoch":300,"_timestamp":1.7298410196420207e+09,"_runtime":66.3794038,"_step":299,"Training Loss":0.9180238296588262,"_wandb":{"runtime":66}}