{"_wandb":{"runtime":63},"Epoch":300,"_timestamp":1.7298416692515643e+09,"_runtime":62.9343439,"_step":299,"Training Loss":0.4867173805832863,"Validation Loss":0.5663248896598816}