{"Training Accuracy":0.8188202247191011,"Validation Recall":0.6527777777777778,"_step":299,"Validation F1 Score":0.7230769230769231,"Training Precision":0.8161434977578476,"Validation Loss":0.4475056231021881,"_timestamp":1.7298287567597942e+09,"Training F1 Score":0.7383367139959433,"Training Loss":0.4139614949623744,"_wandb":{"runtime":16},"_runtime":16.8446215,"Training Recall":0.674074074074074,"Epoch":300,"Validation Precision":0.8103448275862069,"Validation Accuracy":0.7988826815642458}