{"_runtime":143.9524156,"_step":249,"_wandb":{"runtime":144},"Training Loss":0.6753454908080723,"Validation Loss":0.6648390094439188,"Epoch":250,"_timestamp":1.729845315618017e+09}