{"Validation Loss":0.48586809635162354,"Epoch":300,"_timestamp":1.7298395601221201e+09,"_runtime":29.879284900000002,"_step":299,"Training Loss":0.46537591020266217,"_wandb":{"runtime":30}}