{"_wandb":{"runtime":61},"Training Loss":0.5286290446917216,"Validation Loss":0.5334320664405823,"Epoch":300,"_timestamp":1.7298415120182571e+09,"_runtime":61.7198072,"_step":299}