{"Epoch":400,"_timestamp":1.729841865372198e+09,"_runtime":91.5509609,"_wandb":{"runtime":91},"_step":399,"Training Loss":0.5404851933320364,"Validation Loss":0.4956839183966319}