{"_step":299,"_wandb":{"runtime":27},"Training Loss":0.4599304224054019,"Validation Loss":0.49232615033785504,"Epoch":300,"_timestamp":1.7298384658187065e+09,"_runtime":27.3772381}