{"_step":299,"Training Loss":0.4550422777732213,"Validation Loss":0.5056972901026408,"_wandb":{"runtime":30},"Epoch":300,"_timestamp":1.7298393377974584e+09,"_runtime":30.5944189}