{"Training Precision":0.8108108108108109,"_runtime":12.6526564,"Training Recall":0.6716417910447762,"_timestamp":1.7298247278651333e+09,"Validation Recall":0.6756756756756757,"Training Accuracy":0.8174157303370787,"_wandb":{"runtime":12},"Training Loss":0.4010767762859662,"Validation Loss":0.48189878463745117,"Epoch":200,"Training F1 Score":0.7346938775510204,"_step":199,"Validation F1 Score":0.7299270072992701,"Validation Precision":0.7936507936507936,"Validation Accuracy":0.7932960893854749}