{"_runtime":38.2630796,"Training Recall":0.5523465703971119,"Training Loss":0.43539989242951077,"Validation Precision":0.7843137254901961,"_wandb":{"runtime":38},"Training Precision":0.884393063583815,"Validation Loss":0.39271217584609985,"_step":199,"Training Accuracy":0.797752808988764,"Validation Recall":0.6153846153846154,"Epoch":200,"_timestamp":1.729833479233904e+09,"Validation Accuracy":0.7988826815642458,"Validation F1 Score":0.6896551724137931,"Training F1 Score":0.68}