{"_wandb":{"runtime":26},"Training Accuracy":0.8188202247191011,"Validation Precision":0.8035714285714286,"Validation Recall":0.5844155844155844,"Training Precision":0.8148148148148148,"_step":499,"Validation F1 Score":0.6766917293233082,"_runtime":26.3025592,"Training F1 Score":0.7318087318087318,"Validation Accuracy":0.7597765363128491,"Epoch":500,"Training Recall":0.6641509433962264,"_timestamp":1.7298288547853932e+09,"Validation Loss":0.4985707104206085,"Training Loss":0.3849303623040517}