{"_timestamp":1.7298286174387252e+09,"_wandb":{"runtime":12},"Training Loss":0.3868565062681834,"_step":199,"Validation Recall":0.5068493150684932,"Validation Accuracy":0.7430167597765364,"Validation Precision":0.7872340425531915,"Validation Loss":0.5015372037887573,"Training Recall":0.6356877323420075,"_runtime":11.9787353,"Epoch":200,"Training F1 Score":0.7230443974630021,"Training Accuracy":0.8160112359550562,"Training Precision":0.8382352941176471,"Validation F1 Score":0.6166666666666667}