{"Training Loss":0.4299323111772537,"Validation Precision":0.8688524590163934,"Validation Accuracy":0.8603351955307262,"Validation Loss":0.3504546582698822,"Training Precision":0.7922705314009661,"_wandb":{"runtime":8},"Training F1 Score":0.6847599164926931,"_runtime":8.1118612,"_timestamp":1.7297934310045261e+09,"Validation F1 Score":0.8091603053435115,"Training Recall":0.6029411764705882,"Validation Recall":0.7571428571428571,"_step":199,"Training Accuracy":0.7879213483146067,"Epoch":200}