{"_timestamp":1.729829054282766e+09,"Training Precision":0.8025210084033614,"Validation Accuracy":0.7932960893854749,"Validation Loss":0.4159654676914215,"Validation F1 Score":0.6605504587155964,"_wandb":{"runtime":10},"Validation Recall":0.5538461538461539,"_step":299,"Training Accuracy":0.8132022471910112,"Epoch":300,"Training Loss":0.42227210601170856,"Training Recall":0.6895306859205776,"_runtime":10.940850900000001,"Validation Precision":0.8181818181818182,"Training F1 Score":0.7417475728155339}