{"Training F1 Score":0.657074340527578,"_wandb":{"runtime":8},"Validation Loss":0.3646068572998047,"Training Recall":0.5150375939849624,"_step":199,"Training Accuracy":0.7991573033707865,"_runtime":8.3362621,"Validation F1 Score":0.7619047619047619,"Epoch":200,"Validation Recall":0.631578947368421,"Validation Precision":0.96,"_timestamp":1.7297930592211232e+09,"Validation Accuracy":0.8324022346368715,"Training Precision":0.9072847682119205,"Training Loss":0.4228360950946808}