{"_wandb":{"runtime":133},"_step":299,"Training Loss":0.6872947613398234,"Validation Loss":0.6887287298838297,"Epoch":300,"_timestamp":1.7298427425760484e+09,"_runtime":133.1209692}